original_relpath,augmentation_type,augmented_path
test/20210406/6ZovArshO1MTe2tpxFWrHmORa2R2/counting-normal.wav,noise,/Users/kemingliu/Desktop/CoronaHack-Respiratory-Sound-Dataset/output/processed_audio_augmented/test/20210406/6ZovArshO1MTe2tpxFWrHmORa2R2/counting-normal_noise.wav
test/20210406/6ZovArshO1MTe2tpxFWrHmORa2R2/counting-normal.wav,speed,/Users/kemingliu/Desktop/CoronaHack-Respiratory-Sound-Dataset/output/processed_audio_augmented/test/20210406/6ZovArshO1MTe2tpxFWrHmORa2R2/counting-normal_speed.wav
test/20210406/6ZovArshO1MTe2tpxFWrHmORa2R2/counting-normal.wav,pitch,/Users/kemingliu/Desktop/CoronaHack-Respiratory-Sound-Dataset/output/processed_audio_augmented/test/20210406/6ZovArshO1MTe2tpxFWrHmORa2R2/counting-normal_pitch.wav
test/20210406/6ZovArshO1MTe2tpxFWrHmORa2R2/breathing-shallow.wav,noise,/Users/kemingliu/Desktop/CoronaHack-Respiratory-Sound-Dataset/output/processed_audio_augmented/test/20210406/6ZovArshO1MTe2tpxFWrHmORa2R2/breathing-shallow_noise.wav
test/20210406/6ZovArshO1MTe2tpxFWrHmORa2R2/breathing-shallow.wav,speed,/Users/kemingliu/Desktop/CoronaHack-Respiratory-Sound-Dataset/output/processed_audio_augmented/test/20210406/6ZovArshO1MTe2tpxFWrHmORa2R2/breathing-shallow_speed.wav
test/20210406/6ZovArshO1MTe2tpxFWrHmORa2R2/breathing-shallow.wav,pitch,/Users/kemingliu/Desktop/CoronaHack-Respiratory-Sound-Dataset/output/processed_audio_augmented/test/20210406/6ZovArshO1MTe2tpxFWrHmORa2R2/breathing-shallow_pitch.wav
test/20210406/6ZovArshO1MTe2tpxFWrHmORa2R2/counting-fast.wav,noise,/Users/kemingliu/Desktop/CoronaHack-Respiratory-Sound-Dataset/output/processed_audio_augmented/test/20210406/6ZovArshO1MTe2tpxFWrHmORa2R2/counting-fast_noise.wav
test/20210406/6ZovArshO1MTe2tpxFWrHmORa2R2/counting-fast.wav,speed,/Users/kemingliu/Desktop/CoronaHack-Respiratory-Sound-Dataset/output/processed_audio_augmented/test/20210406/6ZovArshO1MTe2tpxFWrHmORa2R2/counting-fast_speed.wav
test/20210406/6ZovArshO1MTe2tpxFWrHmORa2R2/counting-fast.wav,pitch,/Users/kemingliu/Desktop/CoronaHack-Respiratory-Sound-Dataset/output/processed_audio_augmented/test/20210406/6ZovArshO1MTe2tpxFWrHmORa2R2/counting-fast_pitch.wav
test/20210406/6ZovArshO1MTe2tpxFWrHmORa2R2/cough-heavy.wav,noise,/Users/kemingliu/Desktop/CoronaHack-Respiratory-Sound-Dataset/output/processed_audio_augmented/test/20210406/6ZovArshO1MTe2tpxFWrHmORa2R2/cough-heavy_noise.wav
test/20210406/6ZovArshO1MTe2tpxFWrHmORa2R2/cough-heavy.wav,speed,/Users/kemingliu/Desktop/CoronaHack-Respiratory-Sound-Dataset/output/processed_audio_augmented/test/20210406/6ZovArshO1MTe2tpxFWrHmORa2R2/cough-heavy_speed.wav
test/20210406/6ZovArshO1MTe2tpxFWrHmORa2R2/cough-heavy.wav,pitch,/Users/kemingliu/Desktop/CoronaHack-Respiratory-Sound-Dataset/output/processed_audio_augmented/test/20210406/6ZovArshO1MTe2tpxFWrHmORa2R2/cough-heavy_pitch.wav
test/20210406/6ZovArshO1MTe2tpxFWrHmORa2R2/cough-shallow.wav,noise,/Users/kemingliu/Desktop/CoronaHack-Respiratory-Sound-Dataset/output/processed_audio_augmented/test/20210406/6ZovArshO1MTe2tpxFWrHmORa2R2/cough-shallow_noise.wav
test/20210406/6ZovArshO1MTe2tpxFWrHmORa2R2/cough-shallow.wav,speed,/Users/kemingliu/Desktop/CoronaHack-Respiratory-Sound-Dataset/output/processed_audio_augmented/test/20210406/6ZovArshO1MTe2tpxFWrHmORa2R2/cough-shallow_speed.wav
test/20210406/6ZovArshO1MTe2tpxFWrHmORa2R2/cough-shallow.wav,pitch,/Users/kemingliu/Desktop/CoronaHack-Respiratory-Sound-Dataset/output/processed_audio_augmented/test/20210406/6ZovArshO1MTe2tpxFWrHmORa2R2/cough-shallow_pitch.wav
test/20210406/00xKcQMmcAhX8CODgBBLOe7Dm0T2/counting-normal.wav,noise,/Users/kemingliu/Desktop/CoronaHack-Respiratory-Sound-Dataset/output/processed_audio_augmented/test/20210406/00xKcQMmcAhX8CODgBBLOe7Dm0T2/counting-normal_noise.wav
test/20210406/00xKcQMmcAhX8CODgBBLOe7Dm0T2/counting-normal.wav,speed,/Users/kemingliu/Desktop/CoronaHack-Respiratory-Sound-Dataset/output/processed_audio_augmented/test/20210406/00xKcQMmcAhX8CODgBBLOe7Dm0T2/counting-normal_speed.wav
test/20210406/00xKcQMmcAhX8CODgBBLOe7Dm0T2/counting-normal.wav,pitch,/Users/kemingliu/Desktop/CoronaHack-Respiratory-Sound-Dataset/output/processed_audio_augmented/test/20210406/00xKcQMmcAhX8CODgBBLOe7Dm0T2/counting-normal_pitch.wav
test/20210406/00xKcQMmcAhX8CODgBBLOe7Dm0T2/vowel-o.wav,noise,/Users/kemingliu/Desktop/CoronaHack-Respiratory-Sound-Dataset/output/processed_audio_augmented/test/20210406/00xKcQMmcAhX8CODgBBLOe7Dm0T2/vowel-o_noise.wav
test/20210406/00xKcQMmcAhX8CODgBBLOe7Dm0T2/vowel-o.wav,speed,/Users/kemingliu/Desktop/CoronaHack-Respiratory-Sound-Dataset/output/processed_audio_augmented/test/20210406/00xKcQMmcAhX8CODgBBLOe7Dm0T2/vowel-o_speed.wav
test/20210406/00xKcQMmcAhX8CODgBBLOe7Dm0T2/vowel-o.wav,pitch,/Users/kemingliu/Desktop/CoronaHack-Respiratory-Sound-Dataset/output/processed_audio_augmented/test/20210406/00xKcQMmcAhX8CODgBBLOe7Dm0T2/vowel-o_pitch.wav
test/20210406/00xKcQMmcAhX8CODgBBLOe7Dm0T2/vowel-a.wav,noise,/Users/kemingliu/Desktop/CoronaHack-Respiratory-Sound-Dataset/output/processed_audio_augmented/test/20210406/00xKcQMmcAhX8CODgBBLOe7Dm0T2/vowel-a_noise.wav
test/20210406/00xKcQMmcAhX8CODgBBLOe7Dm0T2/vowel-a.wav,speed,/Users/kemingliu/Desktop/CoronaHack-Respiratory-Sound-Dataset/output/processed_audio_augmented/test/20210406/00xKcQMmcAhX8CODgBBLOe7Dm0T2/vowel-a_speed.wav
test/20210406/00xKcQMmcAhX8CODgBBLOe7Dm0T2/vowel-a.wav,pitch,/Users/kemingliu/Desktop/CoronaHack-Respiratory-Sound-Dataset/output/processed_audio_augmented/test/20210406/00xKcQMmcAhX8CODgBBLOe7Dm0T2/vowel-a_pitch.wav
test/20210406/00xKcQMmcAhX8CODgBBLOe7Dm0T2/vowel-e.wav,noise,/Users/kemingliu/Desktop/CoronaHack-Respiratory-Sound-Dataset/output/processed_audio_augmented/test/20210406/00xKcQMmcAhX8CODgBBLOe7Dm0T2/vowel-e_noise.wav
test/20210406/00xKcQMmcAhX8CODgBBLOe7Dm0T2/vowel-e.wav,speed,/Users/kemingliu/Desktop/CoronaHack-Respiratory-Sound-Dataset/output/processed_audio_augmented/test/20210406/00xKcQMmcAhX8CODgBBLOe7Dm0T2/vowel-e_speed.wav
test/20210406/00xKcQMmcAhX8CODgBBLOe7Dm0T2/vowel-e.wav,pitch,/Users/kemingliu/Desktop/CoronaHack-Respiratory-Sound-Dataset/output/processed_audio_augmented/test/20210406/00xKcQMmcAhX8CODgBBLOe7Dm0T2/vowel-e_pitch.wav
test/20210406/00xKcQMmcAhX8CODgBBLOe7Dm0T2/counting-fast.wav,noise,/Users/kemingliu/Desktop/CoronaHack-Respiratory-Sound-Dataset/output/processed_audio_augmented/test/20210406/00xKcQMmcAhX8CODgBBLOe7Dm0T2/counting-fast_noise.wav
test/20210406/00xKcQMmcAhX8CODgBBLOe7Dm0T2/counting-fast.wav,speed,/Users/kemingliu/Desktop/CoronaHack-Respiratory-Sound-Dataset/output/processed_audio_augmented/test/20210406/00xKcQMmcAhX8CODgBBLOe7Dm0T2/counting-fast_speed.wav
test/20210406/00xKcQMmcAhX8CODgBBLOe7Dm0T2/counting-fast.wav,pitch,/Users/kemingliu/Desktop/CoronaHack-Respiratory-Sound-Dataset/output/processed_audio_augmented/test/20210406/00xKcQMmcAhX8CODgBBLOe7Dm0T2/counting-fast_pitch.wav
test/20210406/00xKcQMmcAhX8CODgBBLOe7Dm0T2/cough-heavy.wav,noise,/Users/kemingliu/Desktop/CoronaHack-Respiratory-Sound-Dataset/output/processed_audio_augmented/test/20210406/00xKcQMmcAhX8CODgBBLOe7Dm0T2/cough-heavy_noise.wav
test/20210406/00xKcQMmcAhX8CODgBBLOe7Dm0T2/cough-heavy.wav,speed,/Users/kemingliu/Desktop/CoronaHack-Respiratory-Sound-Dataset/output/processed_audio_augmented/test/20210406/00xKcQMmcAhX8CODgBBLOe7Dm0T2/cough-heavy_speed.wav
test/20210406/00xKcQMmcAhX8CODgBBLOe7Dm0T2/cough-heavy.wav,pitch,/Users/kemingliu/Desktop/CoronaHack-Respiratory-Sound-Dataset/output/processed_audio_augmented/test/20210406/00xKcQMmcAhX8CODgBBLOe7Dm0T2/cough-heavy_pitch.wav
test/20210406/BfkSf0P6WcOlQW1jfLuLKEPusF82/counting-normal.wav,noise,/Users/kemingliu/Desktop/CoronaHack-Respiratory-Sound-Dataset/output/processed_audio_augmented/test/20210406/BfkSf0P6WcOlQW1jfLuLKEPusF82/counting-normal_noise.wav
test/20210406/BfkSf0P6WcOlQW1jfLuLKEPusF82/counting-normal.wav,speed,/Users/kemingliu/Desktop/CoronaHack-Respiratory-Sound-Dataset/output/processed_audio_augmented/test/20210406/BfkSf0P6WcOlQW1jfLuLKEPusF82/counting-normal_speed.wav
test/20210406/BfkSf0P6WcOlQW1jfLuLKEPusF82/counting-normal.wav,pitch,/Users/kemingliu/Desktop/CoronaHack-Respiratory-Sound-Dataset/output/processed_audio_augmented/test/20210406/BfkSf0P6WcOlQW1jfLuLKEPusF82/counting-normal_pitch.wav
test/20210406/BfkSf0P6WcOlQW1jfLuLKEPusF82/vowel-o.wav,noise,/Users/kemingliu/Desktop/CoronaHack-Respiratory-Sound-Dataset/output/processed_audio_augmented/test/20210406/BfkSf0P6WcOlQW1jfLuLKEPusF82/vowel-o_noise.wav
test/20210406/BfkSf0P6WcOlQW1jfLuLKEPusF82/vowel-o.wav,speed,/Users/kemingliu/Desktop/CoronaHack-Respiratory-Sound-Dataset/output/processed_audio_augmented/test/20210406/BfkSf0P6WcOlQW1jfLuLKEPusF82/vowel-o_speed.wav
test/20210406/BfkSf0P6WcOlQW1jfLuLKEPusF82/vowel-o.wav,pitch,/Users/kemingliu/Desktop/CoronaHack-Respiratory-Sound-Dataset/output/processed_audio_augmented/test/20210406/BfkSf0P6WcOlQW1jfLuLKEPusF82/vowel-o_pitch.wav
test/20210406/BfkSf0P6WcOlQW1jfLuLKEPusF82/vowel-a.wav,noise,/Users/kemingliu/Desktop/CoronaHack-Respiratory-Sound-Dataset/output/processed_audio_augmented/test/20210406/BfkSf0P6WcOlQW1jfLuLKEPusF82/vowel-a_noise.wav
test/20210406/BfkSf0P6WcOlQW1jfLuLKEPusF82/vowel-a.wav,speed,/Users/kemingliu/Desktop/CoronaHack-Respiratory-Sound-Dataset/output/processed_audio_augmented/test/20210406/BfkSf0P6WcOlQW1jfLuLKEPusF82/vowel-a_speed.wav
test/20210406/BfkSf0P6WcOlQW1jfLuLKEPusF82/vowel-a.wav,pitch,/Users/kemingliu/Desktop/CoronaHack-Respiratory-Sound-Dataset/output/processed_audio_augmented/test/20210406/BfkSf0P6WcOlQW1jfLuLKEPusF82/vowel-a_pitch.wav
test/20210406/BfkSf0P6WcOlQW1jfLuLKEPusF82/vowel-e.wav,noise,/Users/kemingliu/Desktop/CoronaHack-Respiratory-Sound-Dataset/output/processed_audio_augmented/test/20210406/BfkSf0P6WcOlQW1jfLuLKEPusF82/vowel-e_noise.wav
test/20210406/BfkSf0P6WcOlQW1jfLuLKEPusF82/vowel-e.wav,speed,/Users/kemingliu/Desktop/CoronaHack-Respiratory-Sound-Dataset/output/processed_audio_augmented/test/20210406/BfkSf0P6WcOlQW1jfLuLKEPusF82/vowel-e_speed.wav
test/20210406/BfkSf0P6WcOlQW1jfLuLKEPusF82/vowel-e.wav,pitch,/Users/kemingliu/Desktop/CoronaHack-Respiratory-Sound-Dataset/output/processed_audio_augmented/test/20210406/BfkSf0P6WcOlQW1jfLuLKEPusF82/vowel-e_pitch.wav
test/20210406/BfkSf0P6WcOlQW1jfLuLKEPusF82/cough-heavy.wav,noise,/Users/kemingliu/Desktop/CoronaHack-Respiratory-Sound-Dataset/output/processed_audio_augmented/test/20210406/BfkSf0P6WcOlQW1jfLuLKEPusF82/cough-heavy_noise.wav
test/20210406/BfkSf0P6WcOlQW1jfLuLKEPusF82/cough-heavy.wav,speed,/Users/kemingliu/Desktop/CoronaHack-Respiratory-Sound-Dataset/output/processed_audio_augmented/test/20210406/BfkSf0P6WcOlQW1jfLuLKEPusF82/cough-heavy_speed.wav
test/20210406/BfkSf0P6WcOlQW1jfLuLKEPusF82/cough-heavy.wav,pitch,/Users/kemingliu/Desktop/CoronaHack-Respiratory-Sound-Dataset/output/processed_audio_augmented/test/20210406/BfkSf0P6WcOlQW1jfLuLKEPusF82/cough-heavy_pitch.wav
test/20210406/BfkSf0P6WcOlQW1jfLuLKEPusF82/cough-shallow.wav,noise,/Users/kemingliu/Desktop/CoronaHack-Respiratory-Sound-Dataset/output/processed_audio_augmented/test/20210406/BfkSf0P6WcOlQW1jfLuLKEPusF82/cough-shallow_noise.wav
test/20210406/BfkSf0P6WcOlQW1jfLuLKEPusF82/cough-shallow.wav,speed,/Users/kemingliu/Desktop/CoronaHack-Respiratory-Sound-Dataset/output/processed_audio_augmented/test/20210406/BfkSf0P6WcOlQW1jfLuLKEPusF82/cough-shallow_speed.wav
test/20210406/BfkSf0P6WcOlQW1jfLuLKEPusF82/cough-shallow.wav,pitch,/Users/kemingliu/Desktop/CoronaHack-Respiratory-Sound-Dataset/output/processed_audio_augmented/test/20210406/BfkSf0P6WcOlQW1jfLuLKEPusF82/cough-shallow_pitch.wav
test/20210406/kAnUnZf9b6d4bkjJCawv0nCGJUI2/counting-normal.wav,noise,/Users/kemingliu/Desktop/CoronaHack-Respiratory-Sound-Dataset/output/processed_audio_augmented/test/20210406/kAnUnZf9b6d4bkjJCawv0nCGJUI2/counting-normal_noise.wav
test/20210406/kAnUnZf9b6d4bkjJCawv0nCGJUI2/counting-normal.wav,speed,/Users/kemingliu/Desktop/CoronaHack-Respiratory-Sound-Dataset/output/processed_audio_augmented/test/20210406/kAnUnZf9b6d4bkjJCawv0nCGJUI2/counting-normal_speed.wav
test/20210406/kAnUnZf9b6d4bkjJCawv0nCGJUI2/counting-normal.wav,pitch,/Users/kemingliu/Desktop/CoronaHack-Respiratory-Sound-Dataset/output/processed_audio_augmented/test/20210406/kAnUnZf9b6d4bkjJCawv0nCGJUI2/counting-normal_pitch.wav
test/20210406/kAnUnZf9b6d4bkjJCawv0nCGJUI2/counting-fast.wav,noise,/Users/kemingliu/Desktop/CoronaHack-Respiratory-Sound-Dataset/output/processed_audio_augmented/test/20210406/kAnUnZf9b6d4bkjJCawv0nCGJUI2/counting-fast_noise.wav
test/20210406/kAnUnZf9b6d4bkjJCawv0nCGJUI2/counting-fast.wav,speed,/Users/kemingliu/Desktop/CoronaHack-Respiratory-Sound-Dataset/output/processed_audio_augmented/test/20210406/kAnUnZf9b6d4bkjJCawv0nCGJUI2/counting-fast_speed.wav
test/20210406/kAnUnZf9b6d4bkjJCawv0nCGJUI2/counting-fast.wav,pitch,/Users/kemingliu/Desktop/CoronaHack-Respiratory-Sound-Dataset/output/processed_audio_augmented/test/20210406/kAnUnZf9b6d4bkjJCawv0nCGJUI2/counting-fast_pitch.wav
test/20210406/kAnUnZf9b6d4bkjJCawv0nCGJUI2/cough-heavy.wav,noise,/Users/kemingliu/Desktop/CoronaHack-Respiratory-Sound-Dataset/output/processed_audio_augmented/test/20210406/kAnUnZf9b6d4bkjJCawv0nCGJUI2/cough-heavy_noise.wav
test/20210406/kAnUnZf9b6d4bkjJCawv0nCGJUI2/cough-heavy.wav,speed,/Users/kemingliu/Desktop/CoronaHack-Respiratory-Sound-Dataset/output/processed_audio_augmented/test/20210406/kAnUnZf9b6d4bkjJCawv0nCGJUI2/cough-heavy_speed.wav
test/20210406/kAnUnZf9b6d4bkjJCawv0nCGJUI2/cough-heavy.wav,pitch,/Users/kemingliu/Desktop/CoronaHack-Respiratory-Sound-Dataset/output/processed_audio_augmented/test/20210406/kAnUnZf9b6d4bkjJCawv0nCGJUI2/cough-heavy_pitch.wav
test/20210406/kAnUnZf9b6d4bkjJCawv0nCGJUI2/cough-shallow.wav,noise,/Users/kemingliu/Desktop/CoronaHack-Respiratory-Sound-Dataset/output/processed_audio_augmented/test/20210406/kAnUnZf9b6d4bkjJCawv0nCGJUI2/cough-shallow_noise.wav
test/20210406/kAnUnZf9b6d4bkjJCawv0nCGJUI2/cough-shallow.wav,speed,/Users/kemingliu/Desktop/CoronaHack-Respiratory-Sound-Dataset/output/processed_audio_augmented/test/20210406/kAnUnZf9b6d4bkjJCawv0nCGJUI2/cough-shallow_speed.wav
test/20210406/kAnUnZf9b6d4bkjJCawv0nCGJUI2/cough-shallow.wav,pitch,/Users/kemingliu/Desktop/CoronaHack-Respiratory-Sound-Dataset/output/processed_audio_augmented/test/20210406/kAnUnZf9b6d4bkjJCawv0nCGJUI2/cough-shallow_pitch.wav
test/20210206/yL9QW3T2VueXfL3yvsmXsM2hL4v1/counting-fast.wav,noise,/Users/kemingliu/Desktop/CoronaHack-Respiratory-Sound-Dataset/output/processed_audio_augmented/test/20210206/yL9QW3T2VueXfL3yvsmXsM2hL4v1/counting-fast_noise.wav
test/20210206/yL9QW3T2VueXfL3yvsmXsM2hL4v1/counting-fast.wav,speed,/Users/kemingliu/Desktop/CoronaHack-Respiratory-Sound-Dataset/output/processed_audio_augmented/test/20210206/yL9QW3T2VueXfL3yvsmXsM2hL4v1/counting-fast_speed.wav
test/20210206/yL9QW3T2VueXfL3yvsmXsM2hL4v1/counting-fast.wav,pitch,/Users/kemingliu/Desktop/CoronaHack-Respiratory-Sound-Dataset/output/processed_audio_augmented/test/20210206/yL9QW3T2VueXfL3yvsmXsM2hL4v1/counting-fast_pitch.wav
test/20210206/yL9QW3T2VueXfL3yvsmXsM2hL4v1/cough-heavy.wav,noise,/Users/kemingliu/Desktop/CoronaHack-Respiratory-Sound-Dataset/output/processed_audio_augmented/test/20210206/yL9QW3T2VueXfL3yvsmXsM2hL4v1/cough-heavy_noise.wav
test/20210206/yL9QW3T2VueXfL3yvsmXsM2hL4v1/cough-heavy.wav,speed,/Users/kemingliu/Desktop/CoronaHack-Respiratory-Sound-Dataset/output/processed_audio_augmented/test/20210206/yL9QW3T2VueXfL3yvsmXsM2hL4v1/cough-heavy_speed.wav
test/20210206/yL9QW3T2VueXfL3yvsmXsM2hL4v1/cough-heavy.wav,pitch,/Users/kemingliu/Desktop/CoronaHack-Respiratory-Sound-Dataset/output/processed_audio_augmented/test/20210206/yL9QW3T2VueXfL3yvsmXsM2hL4v1/cough-heavy_pitch.wav
test/20210206/yL9QW3T2VueXfL3yvsmXsM2hL4v1/cough-shallow.wav,noise,/Users/kemingliu/Desktop/CoronaHack-Respiratory-Sound-Dataset/output/processed_audio_augmented/test/20210206/yL9QW3T2VueXfL3yvsmXsM2hL4v1/cough-shallow_noise.wav
test/20210206/yL9QW3T2VueXfL3yvsmXsM2hL4v1/cough-shallow.wav,speed,/Users/kemingliu/Desktop/CoronaHack-Respiratory-Sound-Dataset/output/processed_audio_augmented/test/20210206/yL9QW3T2VueXfL3yvsmXsM2hL4v1/cough-shallow_speed.wav
test/20210206/yL9QW3T2VueXfL3yvsmXsM2hL4v1/cough-shallow.wav,pitch,/Users/kemingliu/Desktop/CoronaHack-Respiratory-Sound-Dataset/output/processed_audio_augmented/test/20210206/yL9QW3T2VueXfL3yvsmXsM2hL4v1/cough-shallow_pitch.wav
train/20210406/UnJVcWCaLzSZJS8B0YJmDwF9d143/counting-normal.wav,noise,/Users/kemingliu/Desktop/CoronaHack-Respiratory-Sound-Dataset/output/processed_audio_augmented/train/20210406/UnJVcWCaLzSZJS8B0YJmDwF9d143/counting-normal_noise.wav
train/20210406/UnJVcWCaLzSZJS8B0YJmDwF9d143/counting-normal.wav,speed,/Users/kemingliu/Desktop/CoronaHack-Respiratory-Sound-Dataset/output/processed_audio_augmented/train/20210406/UnJVcWCaLzSZJS8B0YJmDwF9d143/counting-normal_speed.wav
train/20210406/UnJVcWCaLzSZJS8B0YJmDwF9d143/counting-normal.wav,pitch,/Users/kemingliu/Desktop/CoronaHack-Respiratory-Sound-Dataset/output/processed_audio_augmented/train/20210406/UnJVcWCaLzSZJS8B0YJmDwF9d143/counting-normal_pitch.wav
train/20210406/UnJVcWCaLzSZJS8B0YJmDwF9d143/vowel-o.wav,noise,/Users/kemingliu/Desktop/CoronaHack-Respiratory-Sound-Dataset/output/processed_audio_augmented/train/20210406/UnJVcWCaLzSZJS8B0YJmDwF9d143/vowel-o_noise.wav
train/20210406/UnJVcWCaLzSZJS8B0YJmDwF9d143/vowel-o.wav,speed,/Users/kemingliu/Desktop/CoronaHack-Respiratory-Sound-Dataset/output/processed_audio_augmented/train/20210406/UnJVcWCaLzSZJS8B0YJmDwF9d143/vowel-o_speed.wav
train/20210406/UnJVcWCaLzSZJS8B0YJmDwF9d143/vowel-o.wav,pitch,/Users/kemingliu/Desktop/CoronaHack-Respiratory-Sound-Dataset/output/processed_audio_augmented/train/20210406/UnJVcWCaLzSZJS8B0YJmDwF9d143/vowel-o_pitch.wav
train/20210406/UnJVcWCaLzSZJS8B0YJmDwF9d143/vowel-a.wav,noise,/Users/kemingliu/Desktop/CoronaHack-Respiratory-Sound-Dataset/output/processed_audio_augmented/train/20210406/UnJVcWCaLzSZJS8B0YJmDwF9d143/vowel-a_noise.wav
train/20210406/UnJVcWCaLzSZJS8B0YJmDwF9d143/vowel-a.wav,speed,/Users/kemingliu/Desktop/CoronaHack-Respiratory-Sound-Dataset/output/processed_audio_augmented/train/20210406/UnJVcWCaLzSZJS8B0YJmDwF9d143/vowel-a_speed.wav
train/20210406/UnJVcWCaLzSZJS8B0YJmDwF9d143/vowel-a.wav,pitch,/Users/kemingliu/Desktop/CoronaHack-Respiratory-Sound-Dataset/output/processed_audio_augmented/train/20210406/UnJVcWCaLzSZJS8B0YJmDwF9d143/vowel-a_pitch.wav
train/20210406/UnJVcWCaLzSZJS8B0YJmDwF9d143/vowel-e.wav,noise,/Users/kemingliu/Desktop/CoronaHack-Respiratory-Sound-Dataset/output/processed_audio_augmented/train/20210406/UnJVcWCaLzSZJS8B0YJmDwF9d143/vowel-e_noise.wav
train/20210406/UnJVcWCaLzSZJS8B0YJmDwF9d143/vowel-e.wav,speed,/Users/kemingliu/Desktop/CoronaHack-Respiratory-Sound-Dataset/output/processed_audio_augmented/train/20210406/UnJVcWCaLzSZJS8B0YJmDwF9d143/vowel-e_speed.wav
train/20210406/UnJVcWCaLzSZJS8B0YJmDwF9d143/vowel-e.wav,pitch,/Users/kemingliu/Desktop/CoronaHack-Respiratory-Sound-Dataset/output/processed_audio_augmented/train/20210406/UnJVcWCaLzSZJS8B0YJmDwF9d143/vowel-e_pitch.wav
train/20210406/UnJVcWCaLzSZJS8B0YJmDwF9d143/breathing-shallow.wav,noise,/Users/kemingliu/Desktop/CoronaHack-Respiratory-Sound-Dataset/output/processed_audio_augmented/train/20210406/UnJVcWCaLzSZJS8B0YJmDwF9d143/breathing-shallow_noise.wav
train/20210406/UnJVcWCaLzSZJS8B0YJmDwF9d143/breathing-shallow.wav,speed,/Users/kemingliu/Desktop/CoronaHack-Respiratory-Sound-Dataset/output/processed_audio_augmented/train/20210406/UnJVcWCaLzSZJS8B0YJmDwF9d143/breathing-shallow_speed.wav
train/20210406/UnJVcWCaLzSZJS8B0YJmDwF9d143/breathing-shallow.wav,pitch,/Users/kemingliu/Desktop/CoronaHack-Respiratory-Sound-Dataset/output/processed_audio_augmented/train/20210406/UnJVcWCaLzSZJS8B0YJmDwF9d143/breathing-shallow_pitch.wav
train/20210406/UnJVcWCaLzSZJS8B0YJmDwF9d143/counting-fast.wav,noise,/Users/kemingliu/Desktop/CoronaHack-Respiratory-Sound-Dataset/output/processed_audio_augmented/train/20210406/UnJVcWCaLzSZJS8B0YJmDwF9d143/counting-fast_noise.wav
train/20210406/UnJVcWCaLzSZJS8B0YJmDwF9d143/counting-fast.wav,speed,/Users/kemingliu/Desktop/CoronaHack-Respiratory-Sound-Dataset/output/processed_audio_augmented/train/20210406/UnJVcWCaLzSZJS8B0YJmDwF9d143/counting-fast_speed.wav
train/20210406/UnJVcWCaLzSZJS8B0YJmDwF9d143/counting-fast.wav,pitch,/Users/kemingliu/Desktop/CoronaHack-Respiratory-Sound-Dataset/output/processed_audio_augmented/train/20210406/UnJVcWCaLzSZJS8B0YJmDwF9d143/counting-fast_pitch.wav
train/20210406/0drfnqVwccT6UmgVLQEuyVglDC23/cough-heavy.wav,noise,/Users/kemingliu/Desktop/CoronaHack-Respiratory-Sound-Dataset/output/processed_audio_augmented/train/20210406/0drfnqVwccT6UmgVLQEuyVglDC23/cough-heavy_noise.wav
train/20210406/0drfnqVwccT6UmgVLQEuyVglDC23/cough-heavy.wav,speed,/Users/kemingliu/Desktop/CoronaHack-Respiratory-Sound-Dataset/output/processed_audio_augmented/train/20210406/0drfnqVwccT6UmgVLQEuyVglDC23/cough-heavy_speed.wav
train/20210406/0drfnqVwccT6UmgVLQEuyVglDC23/cough-heavy.wav,pitch,/Users/kemingliu/Desktop/CoronaHack-Respiratory-Sound-Dataset/output/processed_audio_augmented/train/20210406/0drfnqVwccT6UmgVLQEuyVglDC23/cough-heavy_pitch.wav
train/20210406/0drfnqVwccT6UmgVLQEuyVglDC23/cough-shallow.wav,noise,/Users/kemingliu/Desktop/CoronaHack-Respiratory-Sound-Dataset/output/processed_audio_augmented/train/20210406/0drfnqVwccT6UmgVLQEuyVglDC23/cough-shallow_noise.wav
train/20210406/0drfnqVwccT6UmgVLQEuyVglDC23/cough-shallow.wav,speed,/Users/kemingliu/Desktop/CoronaHack-Respiratory-Sound-Dataset/output/processed_audio_augmented/train/20210406/0drfnqVwccT6UmgVLQEuyVglDC23/cough-shallow_speed.wav
train/20210406/0drfnqVwccT6UmgVLQEuyVglDC23/cough-shallow.wav,pitch,/Users/kemingliu/Desktop/CoronaHack-Respiratory-Sound-Dataset/output/processed_audio_augmented/train/20210406/0drfnqVwccT6UmgVLQEuyVglDC23/cough-shallow_pitch.wav
train/20210406/57DMikLLUefbXYKeCPuxp5Wdtfr1/counting-normal.wav,noise,/Users/kemingliu/Desktop/CoronaHack-Respiratory-Sound-Dataset/output/processed_audio_augmented/train/20210406/57DMikLLUefbXYKeCPuxp5Wdtfr1/counting-normal_noise.wav
train/20210406/57DMikLLUefbXYKeCPuxp5Wdtfr1/counting-normal.wav,speed,/Users/kemingliu/Desktop/CoronaHack-Respiratory-Sound-Dataset/output/processed_audio_augmented/train/20210406/57DMikLLUefbXYKeCPuxp5Wdtfr1/counting-normal_speed.wav
train/20210406/57DMikLLUefbXYKeCPuxp5Wdtfr1/counting-normal.wav,pitch,/Users/kemingliu/Desktop/CoronaHack-Respiratory-Sound-Dataset/output/processed_audio_augmented/train/20210406/57DMikLLUefbXYKeCPuxp5Wdtfr1/counting-normal_pitch.wav
train/20210406/57DMikLLUefbXYKeCPuxp5Wdtfr1/vowel-o.wav,noise,/Users/kemingliu/Desktop/CoronaHack-Respiratory-Sound-Dataset/output/processed_audio_augmented/train/20210406/57DMikLLUefbXYKeCPuxp5Wdtfr1/vowel-o_noise.wav
train/20210406/57DMikLLUefbXYKeCPuxp5Wdtfr1/vowel-o.wav,speed,/Users/kemingliu/Desktop/CoronaHack-Respiratory-Sound-Dataset/output/processed_audio_augmented/train/20210406/57DMikLLUefbXYKeCPuxp5Wdtfr1/vowel-o_speed.wav
train/20210406/57DMikLLUefbXYKeCPuxp5Wdtfr1/vowel-o.wav,pitch,/Users/kemingliu/Desktop/CoronaHack-Respiratory-Sound-Dataset/output/processed_audio_augmented/train/20210406/57DMikLLUefbXYKeCPuxp5Wdtfr1/vowel-o_pitch.wav
train/20210406/57DMikLLUefbXYKeCPuxp5Wdtfr1/breathing-shallow.wav,noise,/Users/kemingliu/Desktop/CoronaHack-Respiratory-Sound-Dataset/output/processed_audio_augmented/train/20210406/57DMikLLUefbXYKeCPuxp5Wdtfr1/breathing-shallow_noise.wav
train/20210406/57DMikLLUefbXYKeCPuxp5Wdtfr1/breathing-shallow.wav,speed,/Users/kemingliu/Desktop/CoronaHack-Respiratory-Sound-Dataset/output/processed_audio_augmented/train/20210406/57DMikLLUefbXYKeCPuxp5Wdtfr1/breathing-shallow_speed.wav
train/20210406/57DMikLLUefbXYKeCPuxp5Wdtfr1/breathing-shallow.wav,pitch,/Users/kemingliu/Desktop/CoronaHack-Respiratory-Sound-Dataset/output/processed_audio_augmented/train/20210406/57DMikLLUefbXYKeCPuxp5Wdtfr1/breathing-shallow_pitch.wav
train/20210406/57DMikLLUefbXYKeCPuxp5Wdtfr1/counting-fast.wav,noise,/Users/kemingliu/Desktop/CoronaHack-Respiratory-Sound-Dataset/output/processed_audio_augmented/train/20210406/57DMikLLUefbXYKeCPuxp5Wdtfr1/counting-fast_noise.wav
train/20210406/57DMikLLUefbXYKeCPuxp5Wdtfr1/counting-fast.wav,speed,/Users/kemingliu/Desktop/CoronaHack-Respiratory-Sound-Dataset/output/processed_audio_augmented/train/20210406/57DMikLLUefbXYKeCPuxp5Wdtfr1/counting-fast_speed.wav
train/20210406/57DMikLLUefbXYKeCPuxp5Wdtfr1/counting-fast.wav,pitch,/Users/kemingliu/Desktop/CoronaHack-Respiratory-Sound-Dataset/output/processed_audio_augmented/train/20210406/57DMikLLUefbXYKeCPuxp5Wdtfr1/counting-fast_pitch.wav
train/20210406/57DMikLLUefbXYKeCPuxp5Wdtfr1/breathing-deep.wav,noise,/Users/kemingliu/Desktop/CoronaHack-Respiratory-Sound-Dataset/output/processed_audio_augmented/train/20210406/57DMikLLUefbXYKeCPuxp5Wdtfr1/breathing-deep_noise.wav
train/20210406/57DMikLLUefbXYKeCPuxp5Wdtfr1/breathing-deep.wav,speed,/Users/kemingliu/Desktop/CoronaHack-Respiratory-Sound-Dataset/output/processed_audio_augmented/train/20210406/57DMikLLUefbXYKeCPuxp5Wdtfr1/breathing-deep_speed.wav
train/20210406/57DMikLLUefbXYKeCPuxp5Wdtfr1/breathing-deep.wav,pitch,/Users/kemingliu/Desktop/CoronaHack-Respiratory-Sound-Dataset/output/processed_audio_augmented/train/20210406/57DMikLLUefbXYKeCPuxp5Wdtfr1/breathing-deep_pitch.wav
train/20210406/57DMikLLUefbXYKeCPuxp5Wdtfr1/cough-heavy.wav,noise,/Users/kemingliu/Desktop/CoronaHack-Respiratory-Sound-Dataset/output/processed_audio_augmented/train/20210406/57DMikLLUefbXYKeCPuxp5Wdtfr1/cough-heavy_noise.wav
train/20210406/57DMikLLUefbXYKeCPuxp5Wdtfr1/cough-heavy.wav,speed,/Users/kemingliu/Desktop/CoronaHack-Respiratory-Sound-Dataset/output/processed_audio_augmented/train/20210406/57DMikLLUefbXYKeCPuxp5Wdtfr1/cough-heavy_speed.wav
train/20210406/57DMikLLUefbXYKeCPuxp5Wdtfr1/cough-heavy.wav,pitch,/Users/kemingliu/Desktop/CoronaHack-Respiratory-Sound-Dataset/output/processed_audio_augmented/train/20210406/57DMikLLUefbXYKeCPuxp5Wdtfr1/cough-heavy_pitch.wav
train/20210406/57DMikLLUefbXYKeCPuxp5Wdtfr1/cough-shallow.wav,noise,/Users/kemingliu/Desktop/CoronaHack-Respiratory-Sound-Dataset/output/processed_audio_augmented/train/20210406/57DMikLLUefbXYKeCPuxp5Wdtfr1/cough-shallow_noise.wav
train/20210406/57DMikLLUefbXYKeCPuxp5Wdtfr1/cough-shallow.wav,speed,/Users/kemingliu/Desktop/CoronaHack-Respiratory-Sound-Dataset/output/processed_audio_augmented/train/20210406/57DMikLLUefbXYKeCPuxp5Wdtfr1/cough-shallow_speed.wav
train/20210406/57DMikLLUefbXYKeCPuxp5Wdtfr1/cough-shallow.wav,pitch,/Users/kemingliu/Desktop/CoronaHack-Respiratory-Sound-Dataset/output/processed_audio_augmented/train/20210406/57DMikLLUefbXYKeCPuxp5Wdtfr1/cough-shallow_pitch.wav
train/20210406/ZIzrdWNQK1Xhn6o6jrzSVBMdphp2/counting-normal.wav,noise,/Users/kemingliu/Desktop/CoronaHack-Respiratory-Sound-Dataset/output/processed_audio_augmented/train/20210406/ZIzrdWNQK1Xhn6o6jrzSVBMdphp2/counting-normal_noise.wav
train/20210406/ZIzrdWNQK1Xhn6o6jrzSVBMdphp2/counting-normal.wav,speed,/Users/kemingliu/Desktop/CoronaHack-Respiratory-Sound-Dataset/output/processed_audio_augmented/train/20210406/ZIzrdWNQK1Xhn6o6jrzSVBMdphp2/counting-normal_speed.wav
train/20210406/ZIzrdWNQK1Xhn6o6jrzSVBMdphp2/counting-normal.wav,pitch,/Users/kemingliu/Desktop/CoronaHack-Respiratory-Sound-Dataset/output/processed_audio_augmented/train/20210406/ZIzrdWNQK1Xhn6o6jrzSVBMdphp2/counting-normal_pitch.wav
train/20210406/ZIzrdWNQK1Xhn6o6jrzSVBMdphp2/vowel-a.wav,noise,/Users/kemingliu/Desktop/CoronaHack-Respiratory-Sound-Dataset/output/processed_audio_augmented/train/20210406/ZIzrdWNQK1Xhn6o6jrzSVBMdphp2/vowel-a_noise.wav
train/20210406/ZIzrdWNQK1Xhn6o6jrzSVBMdphp2/vowel-a.wav,speed,/Users/kemingliu/Desktop/CoronaHack-Respiratory-Sound-Dataset/output/processed_audio_augmented/train/20210406/ZIzrdWNQK1Xhn6o6jrzSVBMdphp2/vowel-a_speed.wav
train/20210406/ZIzrdWNQK1Xhn6o6jrzSVBMdphp2/vowel-a.wav,pitch,/Users/kemingliu/Desktop/CoronaHack-Respiratory-Sound-Dataset/output/processed_audio_augmented/train/20210406/ZIzrdWNQK1Xhn6o6jrzSVBMdphp2/vowel-a_pitch.wav
train/20210406/ZIzrdWNQK1Xhn6o6jrzSVBMdphp2/breathing-shallow.wav,noise,/Users/kemingliu/Desktop/CoronaHack-Respiratory-Sound-Dataset/output/processed_audio_augmented/train/20210406/ZIzrdWNQK1Xhn6o6jrzSVBMdphp2/breathing-shallow_noise.wav
train/20210406/ZIzrdWNQK1Xhn6o6jrzSVBMdphp2/breathing-shallow.wav,speed,/Users/kemingliu/Desktop/CoronaHack-Respiratory-Sound-Dataset/output/processed_audio_augmented/train/20210406/ZIzrdWNQK1Xhn6o6jrzSVBMdphp2/breathing-shallow_speed.wav
train/20210406/ZIzrdWNQK1Xhn6o6jrzSVBMdphp2/breathing-shallow.wav,pitch,/Users/kemingliu/Desktop/CoronaHack-Respiratory-Sound-Dataset/output/processed_audio_augmented/train/20210406/ZIzrdWNQK1Xhn6o6jrzSVBMdphp2/breathing-shallow_pitch.wav
train/20210406/ZIzrdWNQK1Xhn6o6jrzSVBMdphp2/counting-fast.wav,noise,/Users/kemingliu/Desktop/CoronaHack-Respiratory-Sound-Dataset/output/processed_audio_augmented/train/20210406/ZIzrdWNQK1Xhn6o6jrzSVBMdphp2/counting-fast_noise.wav
train/20210406/ZIzrdWNQK1Xhn6o6jrzSVBMdphp2/counting-fast.wav,speed,/Users/kemingliu/Desktop/CoronaHack-Respiratory-Sound-Dataset/output/processed_audio_augmented/train/20210406/ZIzrdWNQK1Xhn6o6jrzSVBMdphp2/counting-fast_speed.wav
train/20210406/ZIzrdWNQK1Xhn6o6jrzSVBMdphp2/counting-fast.wav,pitch,/Users/kemingliu/Desktop/CoronaHack-Respiratory-Sound-Dataset/output/processed_audio_augmented/train/20210406/ZIzrdWNQK1Xhn6o6jrzSVBMdphp2/counting-fast_pitch.wav
train/20210406/ZIzrdWNQK1Xhn6o6jrzSVBMdphp2/cough-heavy.wav,noise,/Users/kemingliu/Desktop/CoronaHack-Respiratory-Sound-Dataset/output/processed_audio_augmented/train/20210406/ZIzrdWNQK1Xhn6o6jrzSVBMdphp2/cough-heavy_noise.wav
train/20210406/ZIzrdWNQK1Xhn6o6jrzSVBMdphp2/cough-heavy.wav,speed,/Users/kemingliu/Desktop/CoronaHack-Respiratory-Sound-Dataset/output/processed_audio_augmented/train/20210406/ZIzrdWNQK1Xhn6o6jrzSVBMdphp2/cough-heavy_speed.wav
train/20210406/ZIzrdWNQK1Xhn6o6jrzSVBMdphp2/cough-heavy.wav,pitch,/Users/kemingliu/Desktop/CoronaHack-Respiratory-Sound-Dataset/output/processed_audio_augmented/train/20210406/ZIzrdWNQK1Xhn6o6jrzSVBMdphp2/cough-heavy_pitch.wav
train/20210406/ZIzrdWNQK1Xhn6o6jrzSVBMdphp2/cough-shallow.wav,noise,/Users/kemingliu/Desktop/CoronaHack-Respiratory-Sound-Dataset/output/processed_audio_augmented/train/20210406/ZIzrdWNQK1Xhn6o6jrzSVBMdphp2/cough-shallow_noise.wav
train/20210406/ZIzrdWNQK1Xhn6o6jrzSVBMdphp2/cough-shallow.wav,speed,/Users/kemingliu/Desktop/CoronaHack-Respiratory-Sound-Dataset/output/processed_audio_augmented/train/20210406/ZIzrdWNQK1Xhn6o6jrzSVBMdphp2/cough-shallow_speed.wav
train/20210406/ZIzrdWNQK1Xhn6o6jrzSVBMdphp2/cough-shallow.wav,pitch,/Users/kemingliu/Desktop/CoronaHack-Respiratory-Sound-Dataset/output/processed_audio_augmented/train/20210406/ZIzrdWNQK1Xhn6o6jrzSVBMdphp2/cough-shallow_pitch.wav
train/20210406/Fh3hBZZRh2UXXicTNGMei8ikbSu2/counting-normal.wav,noise,/Users/kemingliu/Desktop/CoronaHack-Respiratory-Sound-Dataset/output/processed_audio_augmented/train/20210406/Fh3hBZZRh2UXXicTNGMei8ikbSu2/counting-normal_noise.wav
train/20210406/Fh3hBZZRh2UXXicTNGMei8ikbSu2/counting-normal.wav,speed,/Users/kemingliu/Desktop/CoronaHack-Respiratory-Sound-Dataset/output/processed_audio_augmented/train/20210406/Fh3hBZZRh2UXXicTNGMei8ikbSu2/counting-normal_speed.wav
train/20210406/Fh3hBZZRh2UXXicTNGMei8ikbSu2/counting-normal.wav,pitch,/Users/kemingliu/Desktop/CoronaHack-Respiratory-Sound-Dataset/output/processed_audio_augmented/train/20210406/Fh3hBZZRh2UXXicTNGMei8ikbSu2/counting-normal_pitch.wav
train/20210406/Fh3hBZZRh2UXXicTNGMei8ikbSu2/vowel-o.wav,noise,/Users/kemingliu/Desktop/CoronaHack-Respiratory-Sound-Dataset/output/processed_audio_augmented/train/20210406/Fh3hBZZRh2UXXicTNGMei8ikbSu2/vowel-o_noise.wav
train/20210406/Fh3hBZZRh2UXXicTNGMei8ikbSu2/vowel-o.wav,speed,/Users/kemingliu/Desktop/CoronaHack-Respiratory-Sound-Dataset/output/processed_audio_augmented/train/20210406/Fh3hBZZRh2UXXicTNGMei8ikbSu2/vowel-o_speed.wav
train/20210406/Fh3hBZZRh2UXXicTNGMei8ikbSu2/vowel-o.wav,pitch,/Users/kemingliu/Desktop/CoronaHack-Respiratory-Sound-Dataset/output/processed_audio_augmented/train/20210406/Fh3hBZZRh2UXXicTNGMei8ikbSu2/vowel-o_pitch.wav
train/20210406/Fh3hBZZRh2UXXicTNGMei8ikbSu2/vowel-a.wav,noise,/Users/kemingliu/Desktop/CoronaHack-Respiratory-Sound-Dataset/output/processed_audio_augmented/train/20210406/Fh3hBZZRh2UXXicTNGMei8ikbSu2/vowel-a_noise.wav
train/20210406/Fh3hBZZRh2UXXicTNGMei8ikbSu2/vowel-a.wav,speed,/Users/kemingliu/Desktop/CoronaHack-Respiratory-Sound-Dataset/output/processed_audio_augmented/train/20210406/Fh3hBZZRh2UXXicTNGMei8ikbSu2/vowel-a_speed.wav
train/20210406/Fh3hBZZRh2UXXicTNGMei8ikbSu2/vowel-a.wav,pitch,/Users/kemingliu/Desktop/CoronaHack-Respiratory-Sound-Dataset/output/processed_audio_augmented/train/20210406/Fh3hBZZRh2UXXicTNGMei8ikbSu2/vowel-a_pitch.wav
train/20210406/Fh3hBZZRh2UXXicTNGMei8ikbSu2/vowel-e.wav,noise,/Users/kemingliu/Desktop/CoronaHack-Respiratory-Sound-Dataset/output/processed_audio_augmented/train/20210406/Fh3hBZZRh2UXXicTNGMei8ikbSu2/vowel-e_noise.wav
train/20210406/Fh3hBZZRh2UXXicTNGMei8ikbSu2/vowel-e.wav,speed,/Users/kemingliu/Desktop/CoronaHack-Respiratory-Sound-Dataset/output/processed_audio_augmented/train/20210406/Fh3hBZZRh2UXXicTNGMei8ikbSu2/vowel-e_speed.wav
train/20210406/Fh3hBZZRh2UXXicTNGMei8ikbSu2/vowel-e.wav,pitch,/Users/kemingliu/Desktop/CoronaHack-Respiratory-Sound-Dataset/output/processed_audio_augmented/train/20210406/Fh3hBZZRh2UXXicTNGMei8ikbSu2/vowel-e_pitch.wav
train/20210406/Fh3hBZZRh2UXXicTNGMei8ikbSu2/breathing-shallow.wav,noise,/Users/kemingliu/Desktop/CoronaHack-Respiratory-Sound-Dataset/output/processed_audio_augmented/train/20210406/Fh3hBZZRh2UXXicTNGMei8ikbSu2/breathing-shallow_noise.wav
train/20210406/Fh3hBZZRh2UXXicTNGMei8ikbSu2/breathing-shallow.wav,speed,/Users/kemingliu/Desktop/CoronaHack-Respiratory-Sound-Dataset/output/processed_audio_augmented/train/20210406/Fh3hBZZRh2UXXicTNGMei8ikbSu2/breathing-shallow_speed.wav
train/20210406/Fh3hBZZRh2UXXicTNGMei8ikbSu2/breathing-shallow.wav,pitch,/Users/kemingliu/Desktop/CoronaHack-Respiratory-Sound-Dataset/output/processed_audio_augmented/train/20210406/Fh3hBZZRh2UXXicTNGMei8ikbSu2/breathing-shallow_pitch.wav
train/20210406/Fh3hBZZRh2UXXicTNGMei8ikbSu2/counting-fast.wav,noise,/Users/kemingliu/Desktop/CoronaHack-Respiratory-Sound-Dataset/output/processed_audio_augmented/train/20210406/Fh3hBZZRh2UXXicTNGMei8ikbSu2/counting-fast_noise.wav
train/20210406/Fh3hBZZRh2UXXicTNGMei8ikbSu2/counting-fast.wav,speed,/Users/kemingliu/Desktop/CoronaHack-Respiratory-Sound-Dataset/output/processed_audio_augmented/train/20210406/Fh3hBZZRh2UXXicTNGMei8ikbSu2/counting-fast_speed.wav
train/20210406/Fh3hBZZRh2UXXicTNGMei8ikbSu2/counting-fast.wav,pitch,/Users/kemingliu/Desktop/CoronaHack-Respiratory-Sound-Dataset/output/processed_audio_augmented/train/20210406/Fh3hBZZRh2UXXicTNGMei8ikbSu2/counting-fast_pitch.wav
train/20210406/Fh3hBZZRh2UXXicTNGMei8ikbSu2/cough-heavy.wav,noise,/Users/kemingliu/Desktop/CoronaHack-Respiratory-Sound-Dataset/output/processed_audio_augmented/train/20210406/Fh3hBZZRh2UXXicTNGMei8ikbSu2/cough-heavy_noise.wav
train/20210406/Fh3hBZZRh2UXXicTNGMei8ikbSu2/cough-heavy.wav,speed,/Users/kemingliu/Desktop/CoronaHack-Respiratory-Sound-Dataset/output/processed_audio_augmented/train/20210406/Fh3hBZZRh2UXXicTNGMei8ikbSu2/cough-heavy_speed.wav
train/20210406/Fh3hBZZRh2UXXicTNGMei8ikbSu2/cough-heavy.wav,pitch,/Users/kemingliu/Desktop/CoronaHack-Respiratory-Sound-Dataset/output/processed_audio_augmented/train/20210406/Fh3hBZZRh2UXXicTNGMei8ikbSu2/cough-heavy_pitch.wav
train/20210406/Fh3hBZZRh2UXXicTNGMei8ikbSu2/cough-shallow.wav,noise,/Users/kemingliu/Desktop/CoronaHack-Respiratory-Sound-Dataset/output/processed_audio_augmented/train/20210406/Fh3hBZZRh2UXXicTNGMei8ikbSu2/cough-shallow_noise.wav
train/20210406/Fh3hBZZRh2UXXicTNGMei8ikbSu2/cough-shallow.wav,speed,/Users/kemingliu/Desktop/CoronaHack-Respiratory-Sound-Dataset/output/processed_audio_augmented/train/20210406/Fh3hBZZRh2UXXicTNGMei8ikbSu2/cough-shallow_speed.wav
train/20210406/Fh3hBZZRh2UXXicTNGMei8ikbSu2/cough-shallow.wav,pitch,/Users/kemingliu/Desktop/CoronaHack-Respiratory-Sound-Dataset/output/processed_audio_augmented/train/20210406/Fh3hBZZRh2UXXicTNGMei8ikbSu2/cough-shallow_pitch.wav
train/20210406/IimA0GnOm7ZR4nEr8k0kG4eaR7A3/counting-normal.wav,noise,/Users/kemingliu/Desktop/CoronaHack-Respiratory-Sound-Dataset/output/processed_audio_augmented/train/20210406/IimA0GnOm7ZR4nEr8k0kG4eaR7A3/counting-normal_noise.wav
train/20210406/IimA0GnOm7ZR4nEr8k0kG4eaR7A3/counting-normal.wav,speed,/Users/kemingliu/Desktop/CoronaHack-Respiratory-Sound-Dataset/output/processed_audio_augmented/train/20210406/IimA0GnOm7ZR4nEr8k0kG4eaR7A3/counting-normal_speed.wav
train/20210406/IimA0GnOm7ZR4nEr8k0kG4eaR7A3/counting-normal.wav,pitch,/Users/kemingliu/Desktop/CoronaHack-Respiratory-Sound-Dataset/output/processed_audio_augmented/train/20210406/IimA0GnOm7ZR4nEr8k0kG4eaR7A3/counting-normal_pitch.wav
train/20210406/IimA0GnOm7ZR4nEr8k0kG4eaR7A3/vowel-o.wav,noise,/Users/kemingliu/Desktop/CoronaHack-Respiratory-Sound-Dataset/output/processed_audio_augmented/train/20210406/IimA0GnOm7ZR4nEr8k0kG4eaR7A3/vowel-o_noise.wav
train/20210406/IimA0GnOm7ZR4nEr8k0kG4eaR7A3/vowel-o.wav,speed,/Users/kemingliu/Desktop/CoronaHack-Respiratory-Sound-Dataset/output/processed_audio_augmented/train/20210406/IimA0GnOm7ZR4nEr8k0kG4eaR7A3/vowel-o_speed.wav
train/20210406/IimA0GnOm7ZR4nEr8k0kG4eaR7A3/vowel-o.wav,pitch,/Users/kemingliu/Desktop/CoronaHack-Respiratory-Sound-Dataset/output/processed_audio_augmented/train/20210406/IimA0GnOm7ZR4nEr8k0kG4eaR7A3/vowel-o_pitch.wav
train/20210406/IimA0GnOm7ZR4nEr8k0kG4eaR7A3/vowel-a.wav,noise,/Users/kemingliu/Desktop/CoronaHack-Respiratory-Sound-Dataset/output/processed_audio_augmented/train/20210406/IimA0GnOm7ZR4nEr8k0kG4eaR7A3/vowel-a_noise.wav
train/20210406/IimA0GnOm7ZR4nEr8k0kG4eaR7A3/vowel-a.wav,speed,/Users/kemingliu/Desktop/CoronaHack-Respiratory-Sound-Dataset/output/processed_audio_augmented/train/20210406/IimA0GnOm7ZR4nEr8k0kG4eaR7A3/vowel-a_speed.wav
train/20210406/IimA0GnOm7ZR4nEr8k0kG4eaR7A3/vowel-a.wav,pitch,/Users/kemingliu/Desktop/CoronaHack-Respiratory-Sound-Dataset/output/processed_audio_augmented/train/20210406/IimA0GnOm7ZR4nEr8k0kG4eaR7A3/vowel-a_pitch.wav
train/20210406/IimA0GnOm7ZR4nEr8k0kG4eaR7A3/vowel-e.wav,noise,/Users/kemingliu/Desktop/CoronaHack-Respiratory-Sound-Dataset/output/processed_audio_augmented/train/20210406/IimA0GnOm7ZR4nEr8k0kG4eaR7A3/vowel-e_noise.wav
train/20210406/IimA0GnOm7ZR4nEr8k0kG4eaR7A3/vowel-e.wav,speed,/Users/kemingliu/Desktop/CoronaHack-Respiratory-Sound-Dataset/output/processed_audio_augmented/train/20210406/IimA0GnOm7ZR4nEr8k0kG4eaR7A3/vowel-e_speed.wav
train/20210406/IimA0GnOm7ZR4nEr8k0kG4eaR7A3/vowel-e.wav,pitch,/Users/kemingliu/Desktop/CoronaHack-Respiratory-Sound-Dataset/output/processed_audio_augmented/train/20210406/IimA0GnOm7ZR4nEr8k0kG4eaR7A3/vowel-e_pitch.wav
train/20210406/IimA0GnOm7ZR4nEr8k0kG4eaR7A3/breathing-shallow.wav,noise,/Users/kemingliu/Desktop/CoronaHack-Respiratory-Sound-Dataset/output/processed_audio_augmented/train/20210406/IimA0GnOm7ZR4nEr8k0kG4eaR7A3/breathing-shallow_noise.wav
train/20210406/IimA0GnOm7ZR4nEr8k0kG4eaR7A3/breathing-shallow.wav,speed,/Users/kemingliu/Desktop/CoronaHack-Respiratory-Sound-Dataset/output/processed_audio_augmented/train/20210406/IimA0GnOm7ZR4nEr8k0kG4eaR7A3/breathing-shallow_speed.wav
train/20210406/IimA0GnOm7ZR4nEr8k0kG4eaR7A3/breathing-shallow.wav,pitch,/Users/kemingliu/Desktop/CoronaHack-Respiratory-Sound-Dataset/output/processed_audio_augmented/train/20210406/IimA0GnOm7ZR4nEr8k0kG4eaR7A3/breathing-shallow_pitch.wav
train/20210406/IimA0GnOm7ZR4nEr8k0kG4eaR7A3/counting-fast.wav,noise,/Users/kemingliu/Desktop/CoronaHack-Respiratory-Sound-Dataset/output/processed_audio_augmented/train/20210406/IimA0GnOm7ZR4nEr8k0kG4eaR7A3/counting-fast_noise.wav
train/20210406/IimA0GnOm7ZR4nEr8k0kG4eaR7A3/counting-fast.wav,speed,/Users/kemingliu/Desktop/CoronaHack-Respiratory-Sound-Dataset/output/processed_audio_augmented/train/20210406/IimA0GnOm7ZR4nEr8k0kG4eaR7A3/counting-fast_speed.wav
train/20210406/IimA0GnOm7ZR4nEr8k0kG4eaR7A3/counting-fast.wav,pitch,/Users/kemingliu/Desktop/CoronaHack-Respiratory-Sound-Dataset/output/processed_audio_augmented/train/20210406/IimA0GnOm7ZR4nEr8k0kG4eaR7A3/counting-fast_pitch.wav
train/20210406/IimA0GnOm7ZR4nEr8k0kG4eaR7A3/breathing-deep.wav,noise,/Users/kemingliu/Desktop/CoronaHack-Respiratory-Sound-Dataset/output/processed_audio_augmented/train/20210406/IimA0GnOm7ZR4nEr8k0kG4eaR7A3/breathing-deep_noise.wav
train/20210406/IimA0GnOm7ZR4nEr8k0kG4eaR7A3/breathing-deep.wav,speed,/Users/kemingliu/Desktop/CoronaHack-Respiratory-Sound-Dataset/output/processed_audio_augmented/train/20210406/IimA0GnOm7ZR4nEr8k0kG4eaR7A3/breathing-deep_speed.wav
train/20210406/IimA0GnOm7ZR4nEr8k0kG4eaR7A3/breathing-deep.wav,pitch,/Users/kemingliu/Desktop/CoronaHack-Respiratory-Sound-Dataset/output/processed_audio_augmented/train/20210406/IimA0GnOm7ZR4nEr8k0kG4eaR7A3/breathing-deep_pitch.wav
train/20210406/IimA0GnOm7ZR4nEr8k0kG4eaR7A3/cough-heavy.wav,noise,/Users/kemingliu/Desktop/CoronaHack-Respiratory-Sound-Dataset/output/processed_audio_augmented/train/20210406/IimA0GnOm7ZR4nEr8k0kG4eaR7A3/cough-heavy_noise.wav
train/20210406/IimA0GnOm7ZR4nEr8k0kG4eaR7A3/cough-heavy.wav,speed,/Users/kemingliu/Desktop/CoronaHack-Respiratory-Sound-Dataset/output/processed_audio_augmented/train/20210406/IimA0GnOm7ZR4nEr8k0kG4eaR7A3/cough-heavy_speed.wav
train/20210406/IimA0GnOm7ZR4nEr8k0kG4eaR7A3/cough-heavy.wav,pitch,/Users/kemingliu/Desktop/CoronaHack-Respiratory-Sound-Dataset/output/processed_audio_augmented/train/20210406/IimA0GnOm7ZR4nEr8k0kG4eaR7A3/cough-heavy_pitch.wav
train/20210406/IimA0GnOm7ZR4nEr8k0kG4eaR7A3/cough-shallow.wav,noise,/Users/kemingliu/Desktop/CoronaHack-Respiratory-Sound-Dataset/output/processed_audio_augmented/train/20210406/IimA0GnOm7ZR4nEr8k0kG4eaR7A3/cough-shallow_noise.wav
train/20210406/IimA0GnOm7ZR4nEr8k0kG4eaR7A3/cough-shallow.wav,speed,/Users/kemingliu/Desktop/CoronaHack-Respiratory-Sound-Dataset/output/processed_audio_augmented/train/20210406/IimA0GnOm7ZR4nEr8k0kG4eaR7A3/cough-shallow_speed.wav
train/20210406/IimA0GnOm7ZR4nEr8k0kG4eaR7A3/cough-shallow.wav,pitch,/Users/kemingliu/Desktop/CoronaHack-Respiratory-Sound-Dataset/output/processed_audio_augmented/train/20210406/IimA0GnOm7ZR4nEr8k0kG4eaR7A3/cough-shallow_pitch.wav
train/20210406/4sjgUTKdPXcgwHbPcqEtB6WA7XB3/vowel-o.wav,noise,/Users/kemingliu/Desktop/CoronaHack-Respiratory-Sound-Dataset/output/processed_audio_augmented/train/20210406/4sjgUTKdPXcgwHbPcqEtB6WA7XB3/vowel-o_noise.wav
train/20210406/4sjgUTKdPXcgwHbPcqEtB6WA7XB3/vowel-o.wav,speed,/Users/kemingliu/Desktop/CoronaHack-Respiratory-Sound-Dataset/output/processed_audio_augmented/train/20210406/4sjgUTKdPXcgwHbPcqEtB6WA7XB3/vowel-o_speed.wav
train/20210406/4sjgUTKdPXcgwHbPcqEtB6WA7XB3/vowel-o.wav,pitch,/Users/kemingliu/Desktop/CoronaHack-Respiratory-Sound-Dataset/output/processed_audio_augmented/train/20210406/4sjgUTKdPXcgwHbPcqEtB6WA7XB3/vowel-o_pitch.wav
train/20210406/4sjgUTKdPXcgwHbPcqEtB6WA7XB3/breathing-shallow.wav,noise,/Users/kemingliu/Desktop/CoronaHack-Respiratory-Sound-Dataset/output/processed_audio_augmented/train/20210406/4sjgUTKdPXcgwHbPcqEtB6WA7XB3/breathing-shallow_noise.wav
train/20210406/4sjgUTKdPXcgwHbPcqEtB6WA7XB3/breathing-shallow.wav,speed,/Users/kemingliu/Desktop/CoronaHack-Respiratory-Sound-Dataset/output/processed_audio_augmented/train/20210406/4sjgUTKdPXcgwHbPcqEtB6WA7XB3/breathing-shallow_speed.wav
train/20210406/4sjgUTKdPXcgwHbPcqEtB6WA7XB3/breathing-shallow.wav,pitch,/Users/kemingliu/Desktop/CoronaHack-Respiratory-Sound-Dataset/output/processed_audio_augmented/train/20210406/4sjgUTKdPXcgwHbPcqEtB6WA7XB3/breathing-shallow_pitch.wav
train/20210406/4sjgUTKdPXcgwHbPcqEtB6WA7XB3/breathing-deep.wav,noise,/Users/kemingliu/Desktop/CoronaHack-Respiratory-Sound-Dataset/output/processed_audio_augmented/train/20210406/4sjgUTKdPXcgwHbPcqEtB6WA7XB3/breathing-deep_noise.wav
train/20210406/4sjgUTKdPXcgwHbPcqEtB6WA7XB3/breathing-deep.wav,speed,/Users/kemingliu/Desktop/CoronaHack-Respiratory-Sound-Dataset/output/processed_audio_augmented/train/20210406/4sjgUTKdPXcgwHbPcqEtB6WA7XB3/breathing-deep_speed.wav
train/20210406/4sjgUTKdPXcgwHbPcqEtB6WA7XB3/breathing-deep.wav,pitch,/Users/kemingliu/Desktop/CoronaHack-Respiratory-Sound-Dataset/output/processed_audio_augmented/train/20210406/4sjgUTKdPXcgwHbPcqEtB6WA7XB3/breathing-deep_pitch.wav
train/20210406/4sjgUTKdPXcgwHbPcqEtB6WA7XB3/cough-heavy.wav,noise,/Users/kemingliu/Desktop/CoronaHack-Respiratory-Sound-Dataset/output/processed_audio_augmented/train/20210406/4sjgUTKdPXcgwHbPcqEtB6WA7XB3/cough-heavy_noise.wav
train/20210406/4sjgUTKdPXcgwHbPcqEtB6WA7XB3/cough-heavy.wav,speed,/Users/kemingliu/Desktop/CoronaHack-Respiratory-Sound-Dataset/output/processed_audio_augmented/train/20210406/4sjgUTKdPXcgwHbPcqEtB6WA7XB3/cough-heavy_speed.wav
train/20210406/4sjgUTKdPXcgwHbPcqEtB6WA7XB3/cough-heavy.wav,pitch,/Users/kemingliu/Desktop/CoronaHack-Respiratory-Sound-Dataset/output/processed_audio_augmented/train/20210406/4sjgUTKdPXcgwHbPcqEtB6WA7XB3/cough-heavy_pitch.wav
train/20210406/4sjgUTKdPXcgwHbPcqEtB6WA7XB3/cough-shallow.wav,noise,/Users/kemingliu/Desktop/CoronaHack-Respiratory-Sound-Dataset/output/processed_audio_augmented/train/20210406/4sjgUTKdPXcgwHbPcqEtB6WA7XB3/cough-shallow_noise.wav
train/20210406/4sjgUTKdPXcgwHbPcqEtB6WA7XB3/cough-shallow.wav,speed,/Users/kemingliu/Desktop/CoronaHack-Respiratory-Sound-Dataset/output/processed_audio_augmented/train/20210406/4sjgUTKdPXcgwHbPcqEtB6WA7XB3/cough-shallow_speed.wav
train/20210406/4sjgUTKdPXcgwHbPcqEtB6WA7XB3/cough-shallow.wav,pitch,/Users/kemingliu/Desktop/CoronaHack-Respiratory-Sound-Dataset/output/processed_audio_augmented/train/20210406/4sjgUTKdPXcgwHbPcqEtB6WA7XB3/cough-shallow_pitch.wav
train/20210406/W42AKc6SZlNz1NOBAJrCpa3Io0E2/breathing-shallow.wav,noise,/Users/kemingliu/Desktop/CoronaHack-Respiratory-Sound-Dataset/output/processed_audio_augmented/train/20210406/W42AKc6SZlNz1NOBAJrCpa3Io0E2/breathing-shallow_noise.wav
train/20210406/W42AKc6SZlNz1NOBAJrCpa3Io0E2/breathing-shallow.wav,speed,/Users/kemingliu/Desktop/CoronaHack-Respiratory-Sound-Dataset/output/processed_audio_augmented/train/20210406/W42AKc6SZlNz1NOBAJrCpa3Io0E2/breathing-shallow_speed.wav
train/20210406/W42AKc6SZlNz1NOBAJrCpa3Io0E2/breathing-shallow.wav,pitch,/Users/kemingliu/Desktop/CoronaHack-Respiratory-Sound-Dataset/output/processed_audio_augmented/train/20210406/W42AKc6SZlNz1NOBAJrCpa3Io0E2/breathing-shallow_pitch.wav
train/20210406/W42AKc6SZlNz1NOBAJrCpa3Io0E2/cough-heavy.wav,noise,/Users/kemingliu/Desktop/CoronaHack-Respiratory-Sound-Dataset/output/processed_audio_augmented/train/20210406/W42AKc6SZlNz1NOBAJrCpa3Io0E2/cough-heavy_noise.wav
train/20210406/W42AKc6SZlNz1NOBAJrCpa3Io0E2/cough-heavy.wav,speed,/Users/kemingliu/Desktop/CoronaHack-Respiratory-Sound-Dataset/output/processed_audio_augmented/train/20210406/W42AKc6SZlNz1NOBAJrCpa3Io0E2/cough-heavy_speed.wav
train/20210406/W42AKc6SZlNz1NOBAJrCpa3Io0E2/cough-heavy.wav,pitch,/Users/kemingliu/Desktop/CoronaHack-Respiratory-Sound-Dataset/output/processed_audio_augmented/train/20210406/W42AKc6SZlNz1NOBAJrCpa3Io0E2/cough-heavy_pitch.wav
